Marka,Model,MaxSpeed
Toyota,Corolla,300
Mazda,CX-5,400
Toyota,Corolla,300
Toyota,Corolla,300
Toyota,Corolla,300
porche,chaiman,900
porche,chaiman,900
mercedes,cl 63,2000
honda,civic,1000
Koenigsegg,Jesko Absolut,9999,
Koenigsegg,Jesko Absolut,9999,
Marka,Model,MaxSpeed,angala saksonlar
Koenigsegg,Jesko Absolut,9999,
Marka,Model,MaxSpeed,angala saksonlar
Koenigsegg,Jesko Absolut,9999,
Marka,Model,MaxSpeed,angala saksonlar
Koenigsegg,Jesko Absolut,9999,
Marka,Model,MaxSpeed,angala saksonlar
Koenigsegg,Jesko Absolut,9999,
